"","country_region","metro_area","date","retail_and_recreation_percent_change_from_baseline","grocery_and_pharmacy_percent_change_from_baseline","parks_percent_change_from_baseline","transit_stations_percent_change_from_baseline","workplaces_percent_change_from_baseline","residential_percent_change_from_baseline"
"1","Georgia",NA,2020-02-15,4,8,2,4,4,0
"2","Georgia",NA,2020-02-16,7,10,8,6,8,-1
"3","Georgia",NA,2020-02-17,1,3,-1,1,4,0
"4","Georgia",NA,2020-02-18,9,10,2,4,5,-1
"5","Georgia",NA,2020-02-19,4,7,6,6,5,-1
"6","Georgia",NA,2020-02-20,7,10,6,5,4,-1
"7","Georgia",NA,2020-02-21,11,18,14,8,12,-2
"8","Georgia",NA,2020-02-22,6,9,8,6,5,-1
"9","Georgia",NA,2020-02-23,6,9,4,5,8,-1
"10","Georgia",NA,2020-02-24,4,7,7,5,5,-1
"11","Georgia",NA,2020-02-25,1,5,-9,-2,3,0
"12","Georgia",NA,2020-02-26,6,12,8,7,6,-2
"13","Georgia",NA,2020-02-27,7,14,10,4,5,-1
"14","Georgia",NA,2020-02-28,6,13,6,5,12,-1
"15","Georgia",NA,2020-02-29,1,11,0,3,8,0
"16","Georgia",NA,2020-03-01,-4,5,-8,-1,7,1
"17","Georgia",NA,2020-03-02,2,5,4,-1,-7,2
"18","Georgia",NA,2020-03-03,13,11,14,-1,-35,5
"19","Georgia",NA,2020-03-04,4,10,13,4,-6,0
"20","Georgia",NA,2020-03-05,7,11,17,2,-7,0
"21","Georgia",NA,2020-03-06,4,12,13,2,-1,1
"22","Georgia",NA,2020-03-07,1,9,10,1,3,0
"23","Georgia",NA,2020-03-08,16,16,32,7,8,-3
"24","Georgia",NA,2020-03-09,-2,0,13,-4,-11,1
"25","Georgia",NA,2020-03-10,2,6,12,-2,-10,0
"26","Georgia",NA,2020-03-11,-6,6,10,-4,-11,1
"27","Georgia",NA,2020-03-12,-9,5,7,-9,-13,2
"28","Georgia",NA,2020-03-13,-14,7,1,-11,-10,4
"29","Georgia",NA,2020-03-14,-21,8,-11,-12,-5,4
"30","Georgia",NA,2020-03-15,-20,5,3,-12,1,2
"31","Georgia",NA,2020-03-16,-30,-10,-22,-25,-24,9
"32","Georgia",NA,2020-03-17,-34,-7,-23,-28,-30,10
"33","Georgia",NA,2020-03-18,-43,-11,-26,-33,-37,13
"34","Georgia",NA,2020-03-19,-41,-12,-16,-33,-37,13
"35","Georgia",NA,2020-03-20,-45,-4,-13,-32,-37,14
"36","Georgia",NA,2020-03-21,-55,-13,-20,-39,-33,12
"37","Georgia",NA,2020-03-22,-61,-29,-14,-45,-32,10
"38","Georgia",NA,2020-03-23,-59,-32,-12,-47,-52,18
"39","Georgia",NA,2020-03-24,-59,-30,-20,-49,-55,18
"40","Georgia",NA,2020-03-25,-60,-29,-18,-48,-55,18
"41","Georgia",NA,2020-03-26,-60,-31,-18,-50,-55,19
"42","Georgia",NA,2020-03-27,-60,-28,-14,-49,-51,19
"43","Georgia",NA,2020-03-28,-63,-32,-16,-48,-41,13
"44","Georgia",NA,2020-03-29,-67,-36,-24,-53,-38,12
"45","Georgia",NA,2020-03-30,-65,-36,-32,-56,-58,21
"46","Georgia",NA,2020-03-31,-67,-39,-33,-61,-62,22
"47","Georgia",NA,2020-04-01,-68,-39,-30,-59,-62,22
"48","Georgia",NA,2020-04-02,-70,-42,-34,-63,-64,24
"49","Georgia",NA,2020-04-03,-67,-37,-26,-59,-60,23
"50","Georgia",NA,2020-04-04,-71,-40,-33,-61,-52,18
"51","Georgia",NA,2020-04-05,-68,-36,-23,-56,-43,14
"52","Georgia",NA,2020-04-06,-68,-41,-29,-61,-62,23
"53","Georgia",NA,2020-04-07,-69,-40,-34,-63,-64,23
"54","Georgia",NA,2020-04-08,-70,-43,-29,-62,-63,23
"55","Georgia",NA,2020-04-09,-69,-43,-26,-62,-70,24
"56","Georgia",NA,2020-04-10,-65,-36,-21,-57,-59,22
"57","Georgia",NA,2020-04-11,-68,-39,-25,-57,-50,16
"58","Georgia",NA,2020-04-12,-69,-38,-27,-56,-45,14
"59","Georgia",NA,2020-04-13,-65,-40,-18,-58,-60,21
"60","Georgia",NA,2020-04-14,-62,-34,-17,-55,-60,19
"61","Georgia",NA,2020-04-15,-61,-26,-14,-52,-60,18
"62","Georgia",NA,2020-04-16,-67,-35,-26,-60,-63,22
"63","Georgia",NA,2020-04-17,-74,-40,-28,-64,-73,28
"64","Georgia",NA,2020-04-18,-81,-61,-38,-72,-65,23
"65","Georgia",NA,2020-04-19,-84,-71,-37,-74,-59,19
"66","Georgia",NA,2020-04-20,-85,-72,-37,-78,-81,31
"67","Georgia",NA,2020-04-21,-84,-68,-50,-78,-75,29
"68","Georgia",NA,2020-04-22,-83,-64,-50,-77,-73,29
"69","Georgia",NA,2020-04-23,-81,-61,-45,-75,-72,29
"70","Georgia",NA,2020-04-24,-80,-60,-41,-76,-69,29
"71","Georgia",NA,2020-04-25,-81,-60,-42,-73,-60,22
"72","Georgia",NA,2020-04-26,-78,-59,-33,-70,-51,18
"73","Georgia",NA,2020-04-27,-57,-29,-13,-51,-58,17
"74","Georgia",NA,2020-04-28,-58,-31,-18,-53,-59,15
"75","Georgia",NA,2020-04-29,-64,-39,-21,-57,-59,19
"76","Georgia",NA,2020-04-30,-62,-39,-17,-56,-59,19
"77","Georgia",NA,2020-05-01,-64,-39,-23,-58,-56,20
"78","Georgia",NA,2020-05-02,-64,-38,-22,-54,-44,14
"79","Georgia",NA,2020-05-03,-63,-37,-15,-52,-36,11
"80","Georgia",NA,2020-05-04,-64,-43,-24,-58,-57,20
"81","Georgia",NA,2020-05-05,-61,-39,-27,-58,-57,18
"82","Georgia",NA,2020-05-06,-66,-40,-35,-58,-58,20
"83","Georgia",NA,2020-05-07,-63,-38,-25,-60,-57,20
"84","Georgia",NA,2020-05-08,-62,-35,-28,-56,-53,20
"85","Georgia",NA,2020-05-09,-66,-41,-33,-59,-44,15
"86","Georgia",NA,2020-05-10,-67,-41,-32,-59,-36,13
"87","Georgia",NA,2020-05-11,-51,-29,-14,-48,-51,16
"88","Georgia",NA,2020-05-12,-48,-25,-7,-47,-58,15
"89","Georgia",NA,2020-05-13,-54,-30,-18,-49,-50,15
"90","Georgia",NA,2020-05-14,-50,-27,-8,-47,-49,13
"91","Georgia",NA,2020-05-15,-51,-25,-9,-47,-45,14
"92","Georgia",NA,2020-05-16,-52,-27,-7,-44,-32,8
"93","Georgia",NA,2020-05-17,-53,-27,-10,-45,-23,6
"94","Georgia",NA,2020-05-18,-49,-28,-14,-47,-45,13
"95","Georgia",NA,2020-07-03,-5,10,30,-8,-20,1
"96","Georgia",NA,2020-07-04,-8,7,37,-9,-9,-2
"97","Georgia",NA,2020-07-05,-8,6,42,-8,0,-5
"98","Georgia",NA,2020-07-06,-7,3,31,-11,-26,1
"99","Georgia",NA,2020-07-07,-3,8,29,-9,-27,0
"100","Georgia",NA,2020-07-08,-12,2,14,-12,-26,2
"101","Georgia",NA,2020-07-09,-6,5,19,-11,-25,2
"102","Georgia",NA,2020-07-10,-6,9,21,-9,-19,1
"103","Georgia",NA,2020-07-11,-10,5,18,-12,-7,-1
"104","Georgia",NA,2020-07-12,-5,6,34,-8,2,-4
"105","Georgia",NA,2020-07-13,-12,-2,8,-14,-24,3
"106","Georgia",NA,2020-07-14,-2,7,19,-10,-24,1
"107","Georgia",NA,2020-07-15,-6,7,27,-9,-22,1
"108","Georgia",NA,2020-07-16,-3,7,31,-10,-22,0
"109","Georgia",NA,2020-07-17,-6,8,21,-11,-18,1
"110","Georgia",NA,2020-07-18,-6,7,40,-9,-5,-3
"111","Georgia",NA,2020-07-19,-6,5,48,-9,2,-6
"112","Georgia",NA,2020-07-20,-7,4,33,-12,-23,0
"113","Georgia",NA,2020-07-21,-4,7,13,-12,-24,0
"114","Georgia",NA,2020-07-22,-5,7,26,-10,-22,1
"115","Georgia",NA,2020-07-23,-2,7,35,-11,-22,0
"116","Georgia",NA,2020-07-24,-3,10,38,-11,-17,0
"117","Georgia",NA,2020-07-25,-6,7,43,-11,-7,-3
"118","Georgia",NA,2020-07-26,-6,5,48,-12,0,-5
"119","Georgia",NA,2020-07-27,-7,2,37,-14,-25,0
"120","Georgia",NA,2020-07-28,-5,3,24,-16,-25,0
"121","Georgia",NA,2020-07-29,-6,5,30,-12,-25,1
"122","Georgia",NA,2020-07-30,-4,7,40,-12,-25,0
"123","Georgia",NA,2020-07-31,-4,9,40,-12,-22,0
"124","Georgia",NA,2020-08-01,-8,6,33,-11,-11,-3
"125","Georgia",NA,2020-08-02,-8,4,34,-12,-3,-5
"126","Georgia",NA,2020-08-03,-2,4,40,-12,-26,0
"127","Georgia",NA,2020-08-04,2,9,45,-11,-27,-1
"128","Georgia",NA,2020-08-05,-3,9,52,-12,-27,-1
"129","Georgia",NA,2020-08-06,1,8,57,-12,-28,-1
"130","Georgia",NA,2020-08-07,0,9,66,-13,-23,-2
"131","Georgia",NA,2020-08-08,-3,5,72,-13,-12,-5
"132","Georgia",NA,2020-08-09,-1,5,84,-13,-4,-8
"133","Georgia",NA,2020-08-10,-4,3,60,-14,-29,-2
"134","Georgia",NA,2020-08-11,-1,5,47,-15,-30,-1
"135","Georgia",NA,2020-08-12,-3,6,63,-13,-29,-1
"136","Georgia",NA,2020-08-13,-1,6,65,-13,-29,-1
"137","Georgia",NA,2020-08-14,-1,12,64,-12,-24,-1
"138","Georgia",NA,2020-08-15,-1,9,74,-11,-11,-5
"139","Georgia",NA,2020-08-16,0,8,82,-11,-4,-6
"140","Georgia",NA,2020-08-17,-2,2,71,-13,-29,-1
"141","Georgia",NA,2020-08-18,2,5,69,-13,-28,-1
"142","Georgia",NA,2020-08-19,-4,3,74,-13,-29,-1
"143","Georgia",NA,2020-08-20,-2,2,76,-15,-29,-2
"144","Georgia",NA,2020-08-21,-4,3,59,-14,-25,-1
"145","Georgia",NA,2020-08-22,-10,-2,45,-16,-13,-2
"146","Georgia",NA,2020-08-23,-8,0,54,-9,-3,-4
"147","Georgia",NA,2020-08-24,-2,2,64,-11,-27,-1
"148","Georgia",NA,2020-08-25,4,4,63,-9,-27,-2
"149","Georgia",NA,2020-08-26,-2,3,68,-9,-27,-2
"150","Georgia",NA,2020-08-27,3,9,70,-9,-28,-3
"151","Georgia",NA,2020-08-28,-7,-1,73,-21,-50,2
"152","Georgia",NA,2020-08-29,-6,-5,69,-15,-14,-5
"153","Georgia",NA,2020-08-30,0,1,72,-9,-1,-8
"154","Georgia",NA,2020-08-31,0,2,51,-7,-25,-2
"155","Georgia",NA,2020-09-01,5,7,52,-4,-24,-3
"156","Georgia",NA,2020-09-02,-3,4,50,-6,-24,-2
"157","Georgia",NA,2020-09-03,2,7,53,-6,-25,-2
"158","Georgia",NA,2020-09-04,2,10,53,-2,-18,-2
"159","Georgia",NA,2020-09-05,3,8,55,0,-8,-5
"160","Georgia",NA,2020-09-06,7,13,56,3,0,-6
"161","Georgia",NA,2020-09-07,3,6,46,2,-23,-2
"162","Georgia",NA,2020-09-08,5,6,40,2,-23,-3
"163","Georgia",NA,2020-09-09,1,8,47,4,-21,-3
"164","Georgia",NA,2020-09-10,6,10,53,3,-23,-3
"165","Georgia",NA,2020-09-11,3,12,51,6,-16,-3
"166","Georgia",NA,2020-09-12,-2,8,52,2,-6,-5
"167","Georgia",NA,2020-09-13,-1,10,57,4,2,-6
"168","Georgia",NA,2020-09-14,-3,5,43,2,-20,-1
"169","Georgia",NA,2020-09-15,-1,5,43,-1,-20,-1
"170","Georgia",NA,2020-09-16,-7,3,44,-1,-21,0
"171","Georgia",NA,2020-09-17,-6,3,40,-5,-23,0
"172","Georgia",NA,2020-09-18,-7,5,42,-3,-16,0
"173","Georgia",NA,2020-09-19,-9,3,36,-3,-7,-2
"174","Georgia",NA,2020-09-20,-7,6,47,-1,2,-4
"175","Georgia",NA,2020-09-21,-12,-1,28,-6,-24,1
"176","Georgia",NA,2020-09-22,-9,2,25,-3,-22,0
"177","Georgia",NA,2020-09-23,-17,0,22,-3,-21,1
"178","Georgia",NA,2020-09-24,-14,0,24,-6,-22,1
"179","Georgia",NA,2020-09-25,-14,3,23,-1,-16,1
"180","Georgia",NA,2020-09-26,-14,1,24,-1,-7,-2
"181","Georgia",NA,2020-09-27,-12,3,35,2,0,-4
"182","Georgia",NA,2020-09-28,-19,-6,15,-5,-22,2
"183","Georgia",NA,2020-09-29,-14,-3,11,-4,-22,1
"184","Georgia",NA,2020-09-30,-17,3,12,-1,-23,1
"185","Georgia",NA,2020-10-01,-14,2,6,-4,-22,0
"186","Georgia",NA,2020-10-02,-18,3,5,3,-15,0
"187","Georgia",NA,2020-10-03,-11,6,23,4,-10,-4
"188","Georgia",NA,2020-10-04,-14,5,16,3,-5,-4
"189","Georgia",NA,2020-10-05,-21,-4,-5,-1,-23,1
"190","Georgia",NA,2020-10-06,-15,3,0,1,-22,0
"191","Georgia",NA,2020-10-07,-18,3,11,3,-20,0
"192","Georgia",NA,2020-10-08,-14,4,15,0,-21,1
"193","Georgia",NA,2020-10-09,-14,6,15,0,-13,1
"194","Georgia",NA,2020-10-10,-15,2,18,-2,-8,-2
"195","Georgia",NA,2020-10-11,-13,5,21,0,-2,-3
"196","Georgia",NA,2020-10-12,-18,0,7,-1,-20,2
"197","Georgia",NA,2020-10-13,-13,4,8,1,-20,1
"198","Georgia",NA,2020-10-14,-18,3,12,-6,-44,6
"199","Georgia",NA,2020-10-15,-18,6,6,-2,-21,2
"200","Georgia",NA,2020-10-16,-19,9,7,0,-16,3
"201","Georgia",NA,2020-10-17,-20,3,9,-3,-10,0
"202","Georgia",NA,2020-10-18,-20,4,15,-2,-5,-1
"203","Georgia",NA,2020-10-19,-26,-3,-7,-5,-25,5
"204","Georgia",NA,2020-10-20,-25,-1,-13,-9,-26,5
"205","Georgia",NA,2020-10-21,-25,5,-2,-6,-25,5
"206","Georgia",NA,2020-10-22,-21,6,6,-8,-26,5
"207","Georgia",NA,2020-10-23,-20,10,9,-5,-20,5
"208","Georgia",NA,2020-10-24,-20,6,13,-4,-9,1
"209","Georgia",NA,2020-10-25,-18,9,20,-4,-4,-1
"210","Georgia",NA,2020-10-26,-23,1,2,-9,-27,5
"211","Georgia",NA,2020-10-27,-20,4,1,-8,-27,4
"212","Georgia",NA,2020-10-28,-26,0,-4,-9,-28,6
"213","Georgia",NA,2020-10-29,-22,1,-1,-9,-30,5
"214","Georgia",NA,2020-10-30,-21,7,-2,-5,-23,4
"215","Georgia",NA,2020-10-31,-25,4,5,-6,-20,-1
"216","Georgia",NA,2020-11-01,-22,1,7,-8,-7,0
"217","Georgia",NA,2020-11-02,-29,-6,-21,-13,-30,7
"218","Georgia",NA,2020-11-03,-25,-2,-23,-12,-30,6
"219","Georgia",NA,2020-11-04,-28,0,-13,-11,-29,6
"220","Georgia",NA,2020-11-05,-25,0,-9,-12,-30,6
"221","Georgia",NA,2020-11-06,-33,-5,-27,-18,-26,8
"222","Georgia",NA,2020-11-07,-30,-5,-22,-15,-15,4
"223","Georgia",NA,2020-11-08,-25,-2,-12,-9,-11,2
"224","Georgia",NA,2020-11-09,-33,-11,-20,-17,-33,9
"225","Georgia",NA,2020-11-10,-30,-7,-24,-17,-33,8
"226","Georgia",NA,2020-11-11,-35,-8,-24,-18,-33,9
"227","Georgia",NA,2020-11-12,-31,-5,-21,-19,-34,9
"228","Georgia",NA,2020-11-13,-32,-3,-19,-17,-27,9
"229","Georgia",NA,2020-11-14,-30,-6,-16,-14,-16,5
"230","Georgia",NA,2020-11-15,-27,-3,-12,-14,-12,3
"231","Georgia",NA,2020-11-16,-35,-13,-24,-20,-34,9
"232","Georgia",NA,2020-11-17,-32,-9,-27,-19,-34,9
"233","Georgia",NA,2020-11-18,-38,-12,-30,-22,-34,10
"234","Georgia",NA,2020-11-19,-36,-12,-33,-27,-37,11
"235","Georgia",NA,2020-11-20,-30,-1,-27,-18,-30,10
"236","Georgia",NA,2020-11-21,-22,7,-21,-9,-18,3
"237","Georgia",NA,2020-11-22,-20,6,-13,-7,-12,3
"238","Georgia",NA,2020-11-23,-35,-13,-30,-29,-57,14
"239","Georgia",NA,2020-11-24,-30,-6,-24,-19,-34,8
"240","Georgia",NA,2020-11-25,-36,-8,-28,-21,-35,10
"241","Georgia",NA,2020-11-26,-27,-1,-23,-18,-35,10
"242","Georgia",NA,2020-11-27,-12,16,-19,-2,-28,7
"243","Georgia",NA,2020-11-28,-49,-13,-20,-36,-23,9
"244","Georgia",NA,2020-11-29,-51,-13,-16,-36,-22,7
"245","Georgia",NA,2020-11-30,-51,-18,-27,-40,-42,13
"246","Georgia",NA,2020-12-01,-48,-12,-27,-37,-43,12
"247","Georgia",NA,2020-12-02,-51,-11,-20,-36,-41,12
"248","Georgia",NA,2020-12-03,-50,-12,-21,-39,-43,13
"249","Georgia",NA,2020-12-04,-50,-10,-22,-37,-36,13
"250","Georgia",NA,2020-12-05,-51,-13,-24,-37,-26,9
"251","Georgia",NA,2020-12-06,-53,-14,-24,-39,-25,7
"252","Georgia",NA,2020-12-07,-53,-18,-29,-42,-43,13
"253","Georgia",NA,2020-12-08,-50,-13,-29,-39,-41,13
"254","Georgia",NA,2020-12-09,-54,-18,-27,-39,-42,13
"255","Georgia",NA,2020-12-10,-50,-13,-18,-38,-43,13
"256","Georgia",NA,2020-12-11,-52,-12,-20,-37,-38,14
"257","Georgia",NA,2020-12-12,-50,-12,-16,-34,-26,9
"258","Georgia",NA,2020-12-13,-49,-8,-2,-28,-22,6
"259","Georgia",NA,2020-12-14,-50,-16,-18,-36,-41,13
"260","Georgia",NA,2020-12-15,-48,-11,-19,-35,-41,12
"261","Georgia",NA,2020-12-16,-51,-11,-21,-33,-40,13
"262","Georgia",NA,2020-12-17,-51,-15,-20,-36,-42,13
"263","Georgia",NA,2020-12-18,-48,-9,-14,-32,-34,12
"264","Georgia",NA,2020-12-19,-48,-9,-11,-30,-22,8
"265","Georgia",NA,2020-12-20,-48,-6,-4,-27,-19,6
"266","Georgia",NA,2020-12-21,-49,-12,-18,-33,-39,12
"267","Georgia",NA,2020-12-22,-48,-11,-21,-34,-39,11
"268","Georgia",NA,2020-12-23,-51,-12,-25,-35,-38,12
"269","Georgia",NA,2020-12-24,-35,0,-16,-26,-37,10
"270","Georgia",NA,2020-12-25,-32,8,-8,-19,-29,9
"271","Georgia",NA,2020-12-26,-29,11,-5,-15,-14,4
"272","Georgia",NA,2020-12-27,-23,20,9,-7,-4,2
"273","Georgia",NA,2020-12-28,-28,7,-6,-17,-34,8
"274","Georgia",NA,2020-12-29,-22,18,-4,-14,-36,7
"275","Georgia",NA,2020-12-30,-22,30,1,-12,-38,8
"276","Georgia",NA,2020-12-31,-19,40,11,-13,-51,10
"277","Georgia",NA,2021-01-01,-68,-45,-6,-44,-75,17
"278","Georgia",NA,2021-01-02,-54,-29,0,-39,-55,10
"279","Georgia",NA,2021-01-03,-56,-23,9,-36,-35,6
"280","Georgia",NA,2021-01-04,-53,-24,-6,-40,-53,15
"281","Georgia",NA,2021-01-05,-49,-17,-5,-38,-50,13
"282","Georgia",NA,2021-01-06,-45,-1,6,-25,-47,9
"283","Georgia",NA,2021-01-07,-59,-26,-3,-42,-68,16
"284","Georgia",NA,2021-01-08,-50,-13,-8,-35,-44,12
"285","Georgia",NA,2021-01-09,-48,-11,-2,-30,-24,6
"286","Georgia",NA,2021-01-10,-47,-6,1,-27,-16,4
"287","Georgia",NA,2021-01-11,-50,-15,-26,-35,-41,12
"288","Georgia",NA,2021-01-12,-48,-9,-25,-33,-42,10
"289","Georgia",NA,2021-01-13,-48,-1,-18,-33,-42,8
"290","Georgia",NA,2021-01-14,-57,-23,-23,-42,-51,8
"291","Georgia",NA,2021-01-15,-55,-20,-30,-42,-43,9
"292","Georgia",NA,2021-01-16,-53,-19,-28,-37,-28,5
"293","Georgia",NA,2021-01-17,-51,-14,-18,-32,-24,3
"294","Georgia",NA,2021-01-18,-53,-20,-33,-38,-42,9
"295","Georgia",NA,2021-01-19,-53,-19,-30,-40,-59,12
"296","Georgia",NA,2021-01-20,-54,-18,-29,-37,-40,9
"297","Georgia",NA,2021-01-21,-51,-16,-28,-38,-41,10
"298","Georgia",NA,2021-01-22,-48,-9,-22,-33,-34,9
"299","Georgia",NA,2021-01-23,-47,-9,-15,-29,-23,5
"300","Georgia",NA,2021-01-24,-47,-7,-9,-27,-18,3
"301","Georgia",NA,2021-01-25,-47,-12,-21,-33,-37,9
"302","Georgia",NA,2021-01-26,-45,-11,-21,-32,-37,7
"303","Georgia",NA,2021-01-27,-48,-9,-18,-31,-36,8
"304","Georgia",NA,2021-01-28,-46,-8,-20,-34,-37,9
"305","Georgia",NA,2021-01-29,-47,-4,-23,-32,-30,8
"306","Georgia",NA,2021-01-30,-46,-4,-16,-31,-20,4
"307","Georgia",NA,2021-01-31,-45,0,-11,-30,-15,2
"308","Georgia",NA,2021-02-01,-35,-2,-16,-29,-33,6
"309","Georgia",NA,2021-02-02,-32,1,-14,-27,-33,4
"310","Georgia",NA,2021-02-03,-39,-3,-12,-30,-32,5
"311","Georgia",NA,2021-02-04,-37,-3,-10,-32,-34,6
"312","Georgia",NA,2021-02-05,-42,-4,-26,-35,-29,7
"313","Georgia",NA,2021-02-06,-45,-6,-12,-32,-20,4
"314","Georgia",NA,2021-02-07,-50,-10,-15,-35,-20,3
"315","Georgia",NA,2021-02-08,-33,-4,-15,-18,-31,5
"316","Georgia",NA,2021-02-09,-31,0,-19,-18,-30,5
"317","Georgia",NA,2021-02-10,-33,2,-10,-16,-28,4
"318","Georgia",NA,2021-02-11,-28,4,-8,-16,-30,4
"319","Georgia",NA,2021-02-12,-28,7,-10,-13,-23,3
"320","Georgia",NA,2021-02-13,-46,-6,-23,-35,-23,3
"321","Georgia",NA,2021-02-14,-42,2,-4,-28,-18,1
"322","Georgia",NA,2021-02-15,-29,1,-21,-12,-28,2
"323","Georgia",NA,2021-02-16,-35,-4,-34,-20,-29,3
"324","Georgia",NA,2021-02-17,-42,-6,-30,-22,-30,5
"325","Georgia",NA,2021-02-18,-37,-3,-31,-21,-30,6
"326","Georgia",NA,2021-02-19,-32,6,-27,-15,-21,5
"327","Georgia",NA,2021-02-20,-48,-6,-26,-35,-21,5
"328","Georgia",NA,2021-02-21,-47,-4,-13,-32,-19,3
"329","Georgia",NA,2020-02-15,2,5,-3,4,3,-1
"330","Georgia",NA,2020-02-16,4,7,9,6,6,-2
"331","Georgia",NA,2020-02-17,-2,-1,-15,1,2,0
"332","Georgia",NA,2020-02-18,3,4,-3,2,3,-1
"333","Georgia",NA,2020-02-19,3,3,5,5,3,-1
"334","Georgia",NA,2020-02-20,3,4,3,4,2,-1
"335","Georgia",NA,2020-02-21,7,13,14,8,9,-2
"336","Georgia",NA,2020-02-22,2,4,6,6,3,-2
"337","Georgia",NA,2020-02-23,5,4,9,6,5,-1
"338","Georgia",NA,2020-02-24,3,5,3,5,4,-2
"339","Georgia",NA,2020-02-25,-3,1,-16,-3,1,1
"340","Georgia",NA,2020-02-26,6,9,7,7,3,-2
"341","Georgia",NA,2020-02-27,2,8,8,3,2,-1
"342","Georgia",NA,2020-02-28,5,10,11,5,9,-1
"343","Georgia",NA,2020-02-29,-3,5,-4,3,5,0
"344","Georgia",NA,2020-03-01,-6,2,-11,-1,3,1
"345","Georgia",NA,2020-03-02,-1,2,-10,-1,-8,2
"346","Georgia",NA,2020-03-03,8,7,16,-2,-43,9
"347","Georgia",NA,2020-03-04,2,4,9,3,-8,0
"348","Georgia",NA,2020-03-05,2,5,13,1,-9,1
"349","Georgia",NA,2020-03-06,-1,6,6,0,-3,2
"350","Georgia",NA,2020-03-07,-5,1,6,-1,0,0
"351","Georgia",NA,2020-03-08,9,9,41,5,3,-3
"352","Georgia",NA,2020-03-09,-5,-3,0,-5,-11,1
"353","Georgia",NA,2020-03-10,-6,-1,3,-7,-13,2
"354","Georgia",NA,2020-03-11,-10,0,3,-7,-15,2
"355","Georgia",NA,2020-03-12,-15,-1,-3,-12,-16,4
"356","Georgia",NA,2020-03-13,-21,2,-18,-14,-14,6
"357","Georgia",NA,2020-03-14,-27,1,-25,-14,-9,4
"358","Georgia",NA,2020-03-15,-26,-5,-2,-14,-5,3
"359","Georgia",NA,2020-03-16,-34,-13,-46,-26,-27,10
"360","Georgia",NA,2020-03-17,-41,-15,-46,-32,-36,13
"361","Georgia",NA,2020-03-18,-49,-18,-52,-36,-43,16
"362","Georgia",NA,2020-03-19,-48,-18,-38,-36,-44,16
"363","Georgia",NA,2020-03-20,-53,-12,-39,-37,-44,18
"364","Georgia",NA,2020-03-21,-64,-24,-53,-44,-40,14
"365","Georgia",NA,2020-03-22,-71,-40,-51,-51,-40,13
"366","Georgia",NA,2020-03-23,-67,-39,-48,-52,-59,22
"367","Georgia",NA,2020-03-24,-69,-39,-56,-55,-62,24
"368","Georgia",NA,2020-03-25,-68,-38,-54,-53,-63,23
"369","Georgia",NA,2020-03-26,-69,-39,-54,-55,-62,23
"370","Georgia",NA,2020-03-27,-68,-36,-53,-54,-59,24
"371","Georgia",NA,2020-03-28,-70,-41,-54,-52,-48,15
"372","Georgia",NA,2020-03-29,-74,-45,-64,-58,-44,14
"373","Georgia",NA,2020-03-30,-70,-40,-67,-59,-63,24
"374","Georgia",NA,2020-03-31,-75,-48,-72,-66,-68,28
"375","Georgia",NA,2020-04-01,-75,-46,-66,-64,-68,26
"376","Georgia",NA,2020-04-02,-76,-48,-70,-67,-69,29
"377","Georgia",NA,2020-04-03,-74,-43,-63,-63,-66,28
"378","Georgia",NA,2020-04-04,-78,-49,-71,-66,-57,21
"379","Georgia",NA,2020-04-05,-75,-43,-58,-61,-50,16
"380","Georgia",NA,2020-04-06,-75,-46,-68,-65,-67,27
"381","Georgia",NA,2020-04-07,-77,-48,-72,-68,-71,29
"382","Georgia",NA,2020-04-08,-76,-50,-70,-67,-69,28
"383","Georgia",NA,2020-04-09,-76,-49,-66,-67,-76,30
"384","Georgia",NA,2020-04-10,-72,-42,-54,-61,-65,27
"385","Georgia",NA,2020-04-11,-75,-47,-63,-62,-55,19
"386","Georgia",NA,2020-04-12,-75,-44,-59,-60,-50,16
"387","Georgia",NA,2020-04-13,-72,-45,-58,-62,-66,25
"388","Georgia",NA,2020-04-14,-71,-43,-55,-61,-67,25
"389","Georgia",NA,2020-04-15,-70,-38,-52,-57,-66,23
"390","Georgia",NA,2020-04-16,-75,-45,-65,-65,-69,26
"391","Georgia",NA,2020-04-17,-82,-49,-67,-69,-81,34
"392","Georgia",NA,2020-04-18,-87,-62,-68,-74,-72,26
"393","Georgia",NA,2020-04-19,-89,-72,-68,-76,-67,23
"394","Georgia",NA,2020-04-20,-90,-72,-74,-81,-87,38
"395","Georgia",NA,2020-04-21,-89,-68,-80,-80,-82,36
"396","Georgia",NA,2020-04-22,-89,-66,-85,-80,-80,35
"397","Georgia",NA,2020-04-23,-86,-62,-79,-78,-79,35
"398","Georgia",NA,2020-04-24,-88,-64,-81,-80,-77,37
"399","Georgia",NA,2020-04-25,-86,-62,-76,-76,-68,26
"400","Georgia",NA,2020-04-26,-85,-62,-65,-74,-61,22
"401","Georgia",NA,2020-04-27,-67,-36,-52,-54,-64,20
"402","Georgia",NA,2020-04-28,-68,-38,-54,-57,-66,22
"403","Georgia",NA,2020-04-29,-71,-43,-57,-60,-66,24
"404","Georgia",NA,2020-04-30,-69,-43,-43,-59,-65,24
"405","Georgia",NA,2020-05-01,-71,-42,-51,-60,-62,25
"406","Georgia",NA,2020-05-02,-71,-43,-44,-56,-50,17
"407","Georgia",NA,2020-05-03,-70,-41,-34,-54,-43,13
"408","Georgia",NA,2020-05-04,-70,-46,-53,-60,-63,24
"409","Georgia",NA,2020-05-05,-70,-44,-56,-62,-64,25
"410","Georgia",NA,2020-05-06,-71,-45,-63,-61,-65,24
"411","Georgia",NA,2020-05-07,-73,-47,-64,-64,-65,26
"412","Georgia",NA,2020-05-08,-69,-39,-50,-59,-60,25
"413","Georgia",NA,2020-05-09,-74,-47,-65,-62,-52,18
"414","Georgia",NA,2020-05-10,-75,-47,-63,-62,-46,16
"415","Georgia",NA,2020-05-11,-60,-34,-43,-52,-59,19
"416","Georgia",NA,2020-05-12,-58,-32,-28,-51,-67,20
"417","Georgia",NA,2020-05-13,-62,-38,-44,-53,-59,19
"418","Georgia",NA,2020-05-14,-60,-34,-34,-51,-58,19
"419","Georgia",NA,2020-05-15,-61,-31,-34,-50,-54,19
"420","Georgia",NA,2020-05-16,-61,-34,-29,-48,-41,10
"421","Georgia",NA,2020-05-17,-63,-35,-38,-48,-35,8
"422","Georgia",NA,2020-05-18,-58,-36,-40,-50,-54,17
"423","Georgia",NA,2020-07-03,-15,1,12,-11,-33,3
"424","Georgia",NA,2020-07-04,-20,-6,8,-12,-22,-2
"425","Georgia",NA,2020-07-05,-21,-7,11,-12,-16,-5
"426","Georgia",NA,2020-07-06,-18,-6,3,-14,-36,2
"427","Georgia",NA,2020-07-07,-16,-5,6,-14,-37,3
"428","Georgia",NA,2020-07-08,-20,-8,-6,-15,-36,3
"429","Georgia",NA,2020-07-09,-17,-6,-1,-15,-35,3
"430","Georgia",NA,2020-07-10,-17,-1,3,-13,-31,3
"431","Georgia",NA,2020-07-11,-24,-9,-17,-16,-19,0
"432","Georgia",NA,2020-07-12,-18,-8,11,-12,-12,-5
"433","Georgia",NA,2020-07-13,-20,-11,-16,-17,-34,3
"434","Georgia",NA,2020-07-14,-15,-6,0,-15,-34,3
"435","Georgia",NA,2020-07-15,-17,-6,8,-12,-32,2
"436","Georgia",NA,2020-07-16,-17,-5,10,-14,-32,2
"437","Georgia",NA,2020-07-17,-20,-4,-14,-16,-28,3
"438","Georgia",NA,2020-07-18,-21,-9,2,-14,-15,-3
"439","Georgia",NA,2020-07-19,-24,-11,11,-14,-11,-6
"440","Georgia",NA,2020-07-20,-21,-8,-5,-16,-29,1
"441","Georgia",NA,2020-07-21,-17,-7,-7,-17,-31,2
"442","Georgia",NA,2020-07-22,-17,-7,-3,-14,-31,1
"443","Georgia",NA,2020-07-23,-17,-7,3,-15,-31,2
"444","Georgia",NA,2020-07-24,-18,-2,3,-15,-27,1
"445","Georgia",NA,2020-07-25,-24,-11,5,-16,-17,-4
"446","Georgia",NA,2020-07-26,-25,-13,9,-17,-12,-6
"447","Georgia",NA,2020-07-27,-22,-10,-7,-19,-33,0
"448","Georgia",NA,2020-07-28,-24,-12,-18,-22,-33,2
"449","Georgia",NA,2020-07-29,-20,-8,-7,-17,-33,1
"450","Georgia",NA,2020-07-30,-21,-9,1,-17,-34,1
"451","Georgia",NA,2020-07-31,-19,-3,4,-16,-30,0
"452","Georgia",NA,2020-08-01,-24,-11,-5,-15,-19,-5
"453","Georgia",NA,2020-08-02,-26,-15,-11,-18,-14,-6
"454","Georgia",NA,2020-08-03,-20,-11,-15,-17,-34,0
"455","Georgia",NA,2020-08-04,-19,-10,-5,-18,-36,0
"456","Georgia",NA,2020-08-05,-23,-9,-5,-18,-36,0
"457","Georgia",NA,2020-08-06,-22,-11,0,-19,-36,0
"458","Georgia",NA,2020-08-07,-23,-8,4,-19,-32,-1
"459","Georgia",NA,2020-08-08,-30,-17,-3,-21,-21,-6
"460","Georgia",NA,2020-08-09,-30,-19,6,-22,-15,-8
"461","Georgia",NA,2020-08-10,-27,-15,-13,-22,-37,-1
"462","Georgia",NA,2020-08-11,-26,-15,-19,-24,-39,0
"463","Georgia",NA,2020-08-12,-26,-14,-12,-21,-38,0
"464","Georgia",NA,2020-08-13,-26,-15,-9,-22,-38,0
"465","Georgia",NA,2020-08-14,-26,-9,-11,-20,-34,0
"466","Georgia",NA,2020-08-15,-31,-16,-12,-21,-22,-5
"467","Georgia",NA,2020-08-16,-31,-17,-8,-21,-16,-7
"468","Georgia",NA,2020-08-17,-28,-18,-15,-22,-39,0
"469","Georgia",NA,2020-08-18,-28,-18,-10,-23,-37,1
"470","Georgia",NA,2020-08-19,-30,-18,-11,-22,-39,0
"471","Georgia",NA,2020-08-20,-30,-20,-11,-24,-39,0
"472","Georgia",NA,2020-08-21,-33,-19,-26,-23,-36,1
"473","Georgia",NA,2020-08-22,-37,-23,-33,-25,-24,-2
"474","Georgia",NA,2020-08-23,-33,-21,-24,-20,-16,-5
"475","Georgia",NA,2020-08-24,-27,-17,-14,-19,-37,0
"476","Georgia",NA,2020-08-25,-25,-17,-9,-19,-38,1
"477","Georgia",NA,2020-08-26,-27,-17,-8,-17,-37,0
"478","Georgia",NA,2020-08-27,-24,-14,-10,-18,-38,-1
"479","Georgia",NA,2020-08-28,-36,-21,-16,-30,-62,6
"480","Georgia",NA,2020-08-29,-35,-28,-13,-25,-27,-4
"481","Georgia",NA,2020-08-30,-28,-20,0,-18,-15,-9
"482","Georgia",NA,2020-08-31,-20,-12,-4,-14,-35,-1
"483","Georgia",NA,2020-09-01,-17,-8,5,-11,-34,0
"484","Georgia",NA,2020-09-02,-20,-10,1,-11,-35,0
"485","Georgia",NA,2020-09-03,-16,-7,4,-12,-34,0
"486","Georgia",NA,2020-09-04,-15,-1,7,-7,-30,0
"487","Georgia",NA,2020-09-05,-13,-5,14,-5,-20,-5
"488","Georgia",NA,2020-09-06,-8,0,19,-2,-15,-6
"489","Georgia",NA,2020-09-07,-11,-3,4,-3,-32,0
"490","Georgia",NA,2020-09-08,-12,-5,-7,-4,-32,1
"491","Georgia",NA,2020-09-09,-10,0,7,0,-32,0
"492","Georgia",NA,2020-09-10,-8,-1,20,-2,-31,0
"493","Georgia",NA,2020-09-11,-10,4,17,3,-26,0
"494","Georgia",NA,2020-09-12,-14,-1,22,0,-18,-3
"495","Georgia",NA,2020-09-13,-12,1,28,1,-12,-5
"496","Georgia",NA,2020-09-14,-14,-3,14,-2,-28,2
"497","Georgia",NA,2020-09-15,-14,-3,13,-5,-29,3
"498","Georgia",NA,2020-09-16,-17,-4,16,-3,-31,3
"499","Georgia",NA,2020-09-17,-18,-5,9,-9,-30,4
"500","Georgia",NA,2020-09-18,-17,-1,15,-4,-26,4
"501","Georgia",NA,2020-09-19,-19,-5,7,-4,-18,-1
"502","Georgia",NA,2020-09-20,-16,-2,26,-3,-11,-3
"503","Georgia",NA,2020-09-21,-22,-9,-9,-9,-31,4
"504","Georgia",NA,2020-09-22,-20,-5,0,-6,-29,5
"505","Georgia",NA,2020-09-23,-24,-8,-2,-3,-30,5
"506","Georgia",NA,2020-09-24,-22,-8,6,-7,-29,5
"507","Georgia",NA,2020-09-25,-20,-2,6,0,-24,5
"508","Georgia",NA,2020-09-26,-20,-6,6,1,-14,-1
"509","Georgia",NA,2020-09-27,-16,-3,27,4,-7,-3
"510","Georgia",NA,2020-09-28,-24,-11,-3,-5,-27,4
"511","Georgia",NA,2020-09-29,-21,-8,-2,-4,-28,5
"512","Georgia",NA,2020-09-30,-20,-2,-2,1,-30,4
"513","Georgia",NA,2020-10-01,-20,-5,-6,-4,-27,4
"514","Georgia",NA,2020-10-02,-22,-2,-6,5,-21,4
"515","Georgia",NA,2020-10-03,-15,-3,26,7,-15,-2
"516","Georgia",NA,2020-10-04,-17,-2,5,5,-11,-3
"517","Georgia",NA,2020-10-05,-26,-11,-20,-1,-27,4
"518","Georgia",NA,2020-10-06,-22,-4,-12,0,-28,5
"519","Georgia",NA,2020-10-07,-22,-3,1,5,-28,4
"520","Georgia",NA,2020-10-08,-20,-4,5,-1,-26,4
"521","Georgia",NA,2020-10-09,-19,1,6,3,-22,4
"522","Georgia",NA,2020-10-10,-19,-4,12,1,-14,0
"523","Georgia",NA,2020-10-11,-17,-1,13,1,-8,-2
"524","Georgia",NA,2020-10-12,-24,-7,-3,0,-26,5
"525","Georgia",NA,2020-10-13,-20,-4,4,1,-26,5
"526","Georgia",NA,2020-10-14,-22,-3,12,-4,-54,10
"527","Georgia",NA,2020-10-15,-26,-5,-1,-2,-27,6
"528","Georgia",NA,2020-10-16,-25,3,0,2,-24,7
"529","Georgia",NA,2020-10-17,-26,-4,7,0,-16,2
"530","Georgia",NA,2020-10-18,-24,-3,13,1,-10,0
"531","Georgia",NA,2020-10-19,-31,-10,-10,-4,-31,8
"532","Georgia",NA,2020-10-20,-31,-8,-20,-9,-32,10
"533","Georgia",NA,2020-10-21,-31,-3,-8,-4,-33,9
"534","Georgia",NA,2020-10-22,-28,-4,-4,-8,-33,10
"535","Georgia",NA,2020-10-23,-26,4,3,-2,-28,9
"536","Georgia",NA,2020-10-24,-25,-1,10,-1,-15,3
"537","Georgia",NA,2020-10-25,-22,1,18,-2,-8,1
"538","Georgia",NA,2020-10-26,-30,-7,-5,-9,-32,9
"539","Georgia",NA,2020-10-27,-28,-4,-1,-8,-32,10
"540","Georgia",NA,2020-10-28,-32,-7,-10,-8,-35,10
"541","Georgia",NA,2020-10-29,-29,-8,5,-9,-34,9
"542","Georgia",NA,2020-10-30,-27,0,-5,-4,-29,9
"543","Georgia",NA,2020-10-31,-32,-4,0,-4,-25,2
"544","Georgia",NA,2020-11-01,-27,-6,14,-7,-10,1
"545","Georgia",NA,2020-11-02,-34,-13,-28,-13,-34,10
"546","Georgia",NA,2020-11-03,-31,-9,-28,-12,-33,11
"547","Georgia",NA,2020-11-04,-33,-7,-12,-9,-35,10
"548","Georgia",NA,2020-11-05,-31,-8,-11,-13,-34,11
"549","Georgia",NA,2020-11-06,-36,-9,-38,-16,-31,13
"550","Georgia",NA,2020-11-07,-32,-9,-29,-11,-16,7
"551","Georgia",NA,2020-11-08,-26,-7,-15,-6,-10,4
"552","Georgia",NA,2020-11-09,-38,-18,-24,-17,-36,13
"553","Georgia",NA,2020-11-10,-35,-14,-30,-17,-36,14
"554","Georgia",NA,2020-11-11,-37,-13,-30,-16,-38,13
"555","Georgia",NA,2020-11-12,-37,-14,-30,-19,-37,14
"556","Georgia",NA,2020-11-13,-37,-9,-28,-15,-32,14
"557","Georgia",NA,2020-11-14,-33,-12,-22,-11,-17,7
"558","Georgia",NA,2020-11-15,-29,-8,-15,-11,-12,5
"559","Georgia",NA,2020-11-16,-40,-19,-31,-19,-36,13
"560","Georgia",NA,2020-11-17,-37,-15,-29,-20,-37,14
"561","Georgia",NA,2020-11-18,-43,-20,-41,-21,-39,15
"562","Georgia",NA,2020-11-19,-42,-20,-47,-27,-39,16
"563","Georgia",NA,2020-11-20,-35,-7,-41,-17,-35,15
"564","Georgia",NA,2020-11-21,-24,2,-28,-5,-18,5
"565","Georgia",NA,2020-11-22,-19,1,-13,-4,-10,5
"566","Georgia",NA,2020-11-23,-39,-19,-45,-29,-62,18
"567","Georgia",NA,2020-11-24,-37,-14,-29,-20,-37,14
"568","Georgia",NA,2020-11-25,-40,-14,-36,-20,-38,15
"569","Georgia",NA,2020-11-26,-31,-8,-30,-18,-37,14
"570","Georgia",NA,2020-11-27,-13,12,-25,1,-31,11
"571","Georgia",NA,2020-11-28,-57,-19,-24,-35,-26,12
"572","Georgia",NA,2020-11-29,-58,-19,-19,-36,-24,10
"573","Georgia",NA,2020-11-30,-59,-24,-38,-42,-45,18
"574","Georgia",NA,2020-12-01,-57,-18,-35,-40,-47,19
"575","Georgia",NA,2020-12-02,-58,-17,-23,-37,-47,17
"576","Georgia",NA,2020-12-03,-59,-20,-32,-42,-46,19
"577","Georgia",NA,2020-12-04,-59,-16,-32,-38,-42,19
"578","Georgia",NA,2020-12-05,-59,-20,-37,-37,-29,12
"579","Georgia",NA,2020-12-06,-62,-22,-45,-40,-27,11
"580","Georgia",NA,2020-12-07,-61,-25,-45,-44,-47,18
"581","Georgia",NA,2020-12-08,-59,-20,-40,-42,-45,19
"582","Georgia",NA,2020-12-09,-61,-24,-42,-40,-47,18
"583","Georgia",NA,2020-12-10,-59,-22,-38,-40,-46,19
"584","Georgia",NA,2020-12-11,-60,-18,-40,-38,-43,19
"585","Georgia",NA,2020-12-12,-58,-19,-32,-34,-28,12
"586","Georgia",NA,2020-12-13,-56,-14,-9,-29,-23,8
"587","Georgia",NA,2020-12-14,-59,-23,-34,-38,-44,17
"588","Georgia",NA,2020-12-15,-58,-20,-36,-38,-45,18
"589","Georgia",NA,2020-12-16,-57,-18,-33,-34,-45,17
"590","Georgia",NA,2020-12-17,-58,-22,-33,-38,-44,18
"591","Georgia",NA,2020-12-18,-57,-15,-28,-33,-39,17
"592","Georgia",NA,2020-12-19,-56,-17,-22,-30,-24,10
"593","Georgia",NA,2020-12-20,-54,-12,-7,-27,-19,8
"594","Georgia",NA,2020-12-21,-56,-19,-27,-34,-41,16
"595","Georgia",NA,2020-12-22,-56,-19,-35,-36,-42,16
"596","Georgia",NA,2020-12-23,-58,-19,-44,-36,-43,16
"597","Georgia",NA,2020-12-24,-42,-9,-30,-28,-39,14
"598","Georgia",NA,2020-12-25,-39,1,-19,-19,-34,13
"599","Georgia",NA,2020-12-26,-35,3,-16,-14,-15,6
"600","Georgia",NA,2020-12-27,-29,11,-1,-7,-2,4
"601","Georgia",NA,2020-12-28,-36,-2,-19,-19,-37,11
"602","Georgia",NA,2020-12-29,-32,8,-20,-17,-39,12
"603","Georgia",NA,2020-12-30,-33,15,-25,-15,-43,12
"604","Georgia",NA,2020-12-31,-34,20,-18,-18,-55,14
"605","Georgia",NA,2021-01-01,-74,-49,-41,-44,-79,22
"606","Georgia",NA,2021-01-02,-62,-35,-32,-40,-58,12
"607","Georgia",NA,2021-01-03,-68,-35,-25,-39,-38,8
"608","Georgia",NA,2021-01-04,-65,-35,-45,-45,-56,19
"609","Georgia",NA,2021-01-05,-61,-27,-38,-42,-54,19
"610","Georgia",NA,2021-01-06,-55,-14,-22,-27,-52,13
"611","Georgia",NA,2021-01-07,-70,-36,-36,-45,-73,22
"612","Georgia",NA,2021-01-08,-62,-24,-39,-37,-50,18
"613","Georgia",NA,2021-01-09,-58,-22,-16,-30,-26,9
"614","Georgia",NA,2021-01-10,-57,-17,-5,-26,-16,6
"615","Georgia",NA,2021-01-11,-58,-23,-39,-35,-44,16
"616","Georgia",NA,2021-01-12,-57,-19,-37,-34,-45,16
"617","Georgia",NA,2021-01-13,-58,-14,-36,-32,-47,13
"618","Georgia",NA,2021-01-14,-63,-29,-33,-42,-52,13
"619","Georgia",NA,2021-01-15,-62,-26,-45,-41,-46,14
"620","Georgia",NA,2021-01-16,-60,-27,-38,-35,-29,8
"621","Georgia",NA,2021-01-17,-58,-21,-19,-30,-23,5
"622","Georgia",NA,2021-01-18,-60,-27,-46,-38,-44,13
"623","Georgia",NA,2021-01-19,-60,-24,-39,-39,-63,18
"624","Georgia",NA,2021-01-20,-59,-24,-41,-35,-43,13
"625","Georgia",NA,2021-01-21,-58,-23,-42,-38,-43,15
"626","Georgia",NA,2021-01-22,-56,-15,-32,-31,-37,14
"627","Georgia",NA,2021-01-23,-55,-17,-19,-27,-24,7
"628","Georgia",NA,2021-01-24,-55,-16,-9,-25,-17,5
"629","Georgia",NA,2021-01-25,-56,-20,-33,-33,-40,13
"630","Georgia",NA,2021-01-26,-54,-18,-28,-33,-40,13
"631","Georgia",NA,2021-01-27,-55,-17,-26,-30,-40,13
"632","Georgia",NA,2021-01-28,-55,-17,-29,-34,-40,14
"633","Georgia",NA,2021-01-29,-54,-11,-31,-31,-34,13
"634","Georgia",NA,2021-01-30,-53,-13,-22,-29,-20,7
"635","Georgia",NA,2021-01-31,-53,-10,-11,-29,-14,4
"636","Georgia",NA,2021-02-01,-43,-10,-20,-30,-36,10
"637","Georgia",NA,2021-02-02,-40,-6,-17,-29,-36,11
"638","Georgia",NA,2021-02-03,-44,-9,-17,-29,-37,10
"639","Georgia",NA,2021-02-04,-45,-10,-18,-34,-37,11
"640","Georgia",NA,2021-02-05,-47,-7,-39,-33,-32,12
"641","Georgia",NA,2021-02-06,-51,-12,-19,-30,-20,6
"642","Georgia",NA,2021-02-07,-56,-16,-23,-34,-18,4
"643","Georgia",NA,2021-02-08,-38,-9,-24,-17,-33,9
"644","Georgia",NA,2021-02-09,-37,-7,-29,-17,-33,10
"645","Georgia",NA,2021-02-10,-37,-4,-16,-13,-33,9
"646","Georgia",NA,2021-02-11,-34,-4,-13,-15,-32,9
"647","Georgia",NA,2021-02-12,-33,4,-12,-9,-27,8
"648","Georgia",NA,2021-02-13,-53,-13,-29,-32,-22,6
"649","Georgia",NA,2021-02-14,-49,-3,6,-26,-13,3
"650","Georgia",NA,2021-02-15,-31,-2,-16,-9,-28,6
"651","Georgia",NA,2021-02-16,-40,-8,-41,-18,-31,9
"652","Georgia",NA,2021-02-17,-45,-10,-33,-18,-33,10
"653","Georgia",NA,2021-02-18,-39,-7,-38,-19,-30,10
"654","Georgia",NA,2021-02-19,-35,4,-33,-11,-23,9
"655","Georgia",NA,2021-02-20,-54,-10,-34,-33,-21,7
"656","Georgia",NA,2021-02-21,-54,-9,-21,-32,-16,6
